{"cameraMode":{"drawMode":0,"name":"Shaded","section":"Shading Mode"},"sceneLighting":false,"audioPlay":false,"sceneViewState":{"m_AlwaysRefresh":false,"showFog":true,"showSkybox":false,"showFlares":true,"showImageEffects":true,"showParticleSystems":true,"showVisualEffectGraphs":true,"m_FxEnabled":true},"in2DMode":false,"pivot":{"x":1.1863059997558594,"y":1.5359677076339722,"z":0.3126870393753052},"rotation":{"x":0.001544805010780692,"y":0.9974432587623596,"z":-0.06774010509252548,"w":0.02274659276008606},"size":3.9098246097564699,"orthographic":false}