{"cameraMode":{"drawMode":0,"name":"Shaded","section":"Shading Mode"},"sceneLighting":false,"audioPlay":false,"sceneViewState":{"m_AlwaysRefresh":false,"showFog":true,"showSkybox":false,"showFlares":true,"showImageEffects":true,"showParticleSystems":true,"showVisualEffectGraphs":true,"m_FxEnabled":true},"in2DMode":false,"pivot":{"x":0.9248955249786377,"y":0.45447373390197756,"z":-0.34809279441833498},"rotation":{"x":-0.03221036493778229,"y":0.9293684959411621,"z":-0.3581279516220093,"w":-0.08358785510063172},"size":1.695582389831543,"orthographic":false}