{"cameraMode":{"drawMode":0,"name":"Shaded","section":"Shading Mode"},"sceneLighting":false,"audioPlay":false,"sceneViewState":{"m_AlwaysRefresh":false,"showFog":true,"showSkybox":false,"showFlares":true,"showImageEffects":true,"showParticleSystems":true,"showVisualEffectGraphs":true,"m_FxEnabled":true},"in2DMode":false,"pivot":{"x":0.5838638544082642,"y":-1.2024426460266114,"z":0.10829804837703705},"rotation":{"x":-0.2253638058900833,"y":-0.7271120548248291,"z":0.28019827604293826,"w":-0.5848670601844788},"size":1.1267914772033692,"orthographic":false}