{"cameraMode":{"drawMode":0,"name":"Shaded","section":"Shading Mode"},"sceneLighting":false,"audioPlay":false,"sceneViewState":{"m_AlwaysRefresh":false,"showFog":true,"showSkybox":false,"showFlares":true,"showImageEffects":true,"showParticleSystems":true,"showVisualEffectGraphs":true,"m_FxEnabled":true},"in2DMode":false,"pivot":{"x":0.08427223563194275,"y":0.5524669289588928,"z":1.0939078330993653},"rotation":{"x":-0.02470194548368454,"y":0.9745662212371826,"z":-0.13714861869812013,"w":-0.17552900314331056},"size":1.6170682907104493,"orthographic":false}