{"cameraMode":{"drawMode":0,"name":"Shaded","section":"Shading Mode"},"sceneLighting":true,"audioPlay":false,"sceneViewState":{"m_AlwaysRefresh":false,"showFog":true,"showSkybox":true,"showFlares":true,"showImageEffects":true,"showParticleSystems":true,"showVisualEffectGraphs":true,"m_FxEnabled":true},"in2DMode":false,"pivot":{"x":14.709080696105957,"y":-1.2528400421142579,"z":11.969836235046387},"rotation":{"x":-0.017547598108649255,"y":-0.94875568151474,"z":0.3110523223876953,"w":-0.053565602749586108},"size":7.2765421867370609,"orthographic":false}